{"cameraMode":{"drawMode":0,"name":"Shaded","section":"Shading Mode"},"sceneLighting":true,"audioPlay":false,"sceneViewState":{"showFog":true,"showMaterialUpdate":false,"showSkybox":true,"showFlares":true,"showImageEffects":true,"showParticleSystems":true},"in2DMode":false,"pivot":{"x":29.111398696899415,"y":-118.23678588867188,"z":384.3661193847656},"rotation":{"x":0.30635371804237368,"y":0.05991881713271141,"z":-0.0193258598446846,"w":0.9498335123062134},"size":396.914306640625,"orthographic":false}