{"cameraMode":{"drawMode":0,"name":"Shaded","section":"Shading Mode"},"sceneLighting":true,"audioPlay":false,"sceneViewState":{"showFog":true,"showMaterialUpdate":false,"showSkybox":true,"showFlares":true,"showImageEffects":true,"showParticleSystems":true},"in2DMode":false,"pivot":{"x":57.98129653930664,"y":-33.13768005371094,"z":162.8071746826172},"rotation":{"x":-0.2340179979801178,"y":-0.14174240827560426,"z":0.034506797790527347,"w":-0.9612345099449158},"size":306.3677062988281,"orthographic":false}