{"cameraMode":{"drawMode":0,"name":"Shaded","section":"Shading Mode"},"sceneLighting":true,"audioPlay":false,"sceneViewState":{"showFog":true,"showMaterialUpdate":false,"showSkybox":true,"showFlares":true,"showImageEffects":true,"showParticleSystems":true},"in2DMode":false,"pivot":{"x":7.528750419616699,"y":-6.5533766746521,"z":98.5915298461914},"rotation":{"x":0.061259761452674869,"y":0.08075814694166184,"z":-0.004973114468157291,"w":0.9948399066925049},"size":159.86685180664063,"orthographic":false}